accuracy,precision,recall,f1
0.7991483321504613,0.6716981132075471,0.47593582887700536,0.5571205007824727
